name,name_codon_mode,name_codon_freq,query_seq_codon_mode,query_seq_codon_freq
A132F,GCT132TTC,{'GCT132TTC': 1},TTC,{'TTC': 1}
A86E,GCT86GAG,{'GCT86GAG': 1},GAG,{'GAG': 1}
D103E,GAT103GAG,{'GAT103GAG': 1},GAG,{'GAG': 1}
D229P,GAT229CCG,{'GAT229CCG': 1},CCG,{'CCG': 1}
E142V,GAA142GTG,{'GAA142GTG': 1},GTG,{'GTG': 1}
E218F,GAA218TTC,{'GAA218TTC': 1},TTC,{'TTC': 1}
F216V,TTC216GTG,{'TTC216GTG': 1},GTG,{'GTG': 1}
F220G,TTC220GGC,{'TTC220GGC': 1},GGC,{'GGC': 1}
F62E,TTC62GAG,{'TTC62GAG': 1},GAG,{'GAG': 1}
G131S,GGT131AGC,{'GGT131AGC': 1},AGC,{'AGC': 1}
I106K,ATT106AAG,{'ATT106AAG': 1},AAG,{'AAG': 1}
I149E,ATC149GAG,{'ATC149GAG': 1},GAG,{'GAG': 1}
I91K,ATT91AAG,{'ATT91AAG': 1},AAG,{'AAG': 1}
L181G,TTG181GGC,{'TTG181GGC': 1},GGC,{'GGC': 1}
L211E,TTG211GAG,{'TTG211GAG': 1},GAG,{'GAG': 1}
L253E,TTA253GAG,{'TTA253GAG': 1},GAG,{'GAG': 1}
L61G,TTG61GGC,{'TTG61GGC': 1},GGC,{'GGC': 1}
L85V,TTG85GTG,{'TTG85GTG': 1},GTG,{'GTG': 1}
N95G,AAC95GGC,{'AAC95GGC': 1},GGC,{'GGC': 1}
Q156L,CAA156CTG,{'CAA156CTG': 1},CTG,{'CTG': 1}
Q280G,CAA280GGC,{'CAA280GGC': 1},GGC,{'GGC': 1}
Y153E,TAC153GAG,{'TAC153GAG': 1},GAG,{'GAG': 1}
Y153Q,TAC153CAG,{'TAC153CAG': 1},CAG,{'CAG': 1}
